A,RETS,PIERS,ELINTS,SILENI,PEARLER,VEINLET,TITTERER
I,REVS,PIETA,ELITES,SILENT,PEARTER,VELITES,TRAILERS
AE,RIAL,PILAR,ELIXIR,SILLER,PEATIER,VENEERS,TRAINEES
AI,RIAS,PILEA,ELVERS,SILVAE,PEAVIES,VENIRES,TRAINERS
AL,RIEL,PILEI,ENATES,SILVAN,PEELERS,VENTAIL,TRANSEPT
AN,RILE,PILES,ENISLE,SILVER,PEERIES,VENTERS,TRAPLINE
AR,RILL,PILIS,ENLIST,SILVEX,PELITES,VENTRAL,TRAPNEST
AS,RINS,PILLS,ENRAPT,SINTER,PELLETS,VERIEST,TRAVELER
AT,RIPE,PINAS,ENSILE,SIRREE,PELTAST,VERITAS,TRAVERSE
AX,RIPS,PINES,ENTAIL,SITTEN,PELTATE,VERITES,TREATERS
EL,RISE,PINTA,ENTERA,SITTER,PELTERS,VERNIER,TREATIES
EN,RITE,PINTS,ENTERS,SLATER,PENATES,VERSANT,TREATISE
ER,RIVE,PIRNS,ENTIRE,SLAVER,PENLITE,VERSINE,TREENAIL
ES,SAIL,PISTE,ENTRAP,SLEAVE,PENSILE,VESPINE,TRENAILS
ET,SAIN,PITAS,ENTREE,SLEEVE,PENSIVE,VESTRAL,TRIENTES
EX,SALE,PITTA,ENVIER,SLIEVE,PENSTER,VETERAN,TRILLERS
IN,SALL,PIXEL,ENVIES,SLIVER,PERILLA,VETTERS,TRIPLANE
IS,SALP,PIXES,ERASER,SNARER,PERINEA,VEXILLA,TRIPLETS
IT,SALT,PIXIE,ERRANT,SNIPER,PERLITE,VILLAIN,TRIPLITE
LA,SANE,PLAIN,ERVILS,SNIVEL,PERRIES,VILLEIN,TRIPTANE
LI,SARI,PLAIT,ESPIAL,SPARER,PERSALT,VINIEST,TRIPTANS
NA,SATE,PLANE,ESPRIT,SPAVIE,PERTAIN,VIRELAI,TRISTATE
NE,SATI,PLANS,ESTATE,SPAVIN,PERTEST,VISITER,VANITIES
PA,SAVE,PLANT,ESTRAL,SPINAL,PERVERT,VITIATE,VASELINE
PE,SEAL,PLATE,ESTRIN,SPINEL,PESTIER,VITRAIN,VEALIEST
PI,SEAR,PLATS,ETAPES,SPINET,PETITES,VITRINE,VEINIEST
RE,SEAT,PLEAS,ETERNE,SPIRAL,PETRALE,VITTATE,VEINLETS
SI,SEEL,PLEAT,EVENER,SPIREA,PETRELS,VITTLES,VENEERER
TA,SEEN,PLENA,EVENTS,SPIRIT,PETTERS,AIRLINER,VENERATE
TI,SEEP,PLIER,EVERTS,SPITAL,PETTIER,AIRLINES,VENEREAL
XI,SEER,PLIES,EVILER,SPLEEN,PETTLES,AIRSTRIP,VENERIES
AIL,SELL,PRASE,EVITES,SPLENT,PIANIST,ALERTEST,VENTAILS
AIN,SENE,PRATE,EXALTS,SPLINE,PIASTER,ALEXINES,VENTRALS
AIR,SENT,PRATS,EXERTS,SPLINT,PIASTRE,ALIENEES,VERATRIN
AIS,SEPT,PREEN,EXILER,SPRAIN,PIETIES,ALIENERS,VERITIES
AIT,SERA,PREES,EXILES,SPRENT,PIETIST,ALIENIST,VERNIERS
ALE,SERE,PRESA,EXINES,SPRIER,PILEATE,ALPINIST,VERNIXES
ALL,SETA,PRESE,EXPATS,SPRINT,PILLARS,ALTERERS,VERTEXES
ALP,SETT,PREST,EXPELS,SPRITE,PILSNER,ANISETTE,VESPERAL
ALS,SEXT,PRIER,EXPERT,STALER,PINEALS,ANTEVERT,VETERANS
ALT,SIAL,PRIES,EXPIRE,STAPLE,PINIEST,ANTIPILL,VEXILLAR
ANE,SILL,PRILL,EXSERT,STARER,PINITES,ANTISLIP,VILLAINS
ANI,SILT,PRINT,EXTANT,STARVE,PINTAIL,APERIENT,VILLEINS
ANT,SINE,PRISE,EXTENT,STATER,PINTLES,ARENITES,VINERIES
APE,SIPE,RAILS,EXTERN,STATIN,PIRATES,ARIETTES,VIPERINE
APT,SIRE,RAINS,EXTRAS,STEEVE,PITIERS,ARRESTEE,VIRELAIS
ARE,SITE,RAISE,ILEXES,STELAE,PLAINER,ARSENITE,VISITANT
ARS,SLAP,RALES,ILLEST,STELAI,PLAINTS,ARTERIES,VITALISE
ART,SLAT,RANEE,ILLITE,STELAR,PLAITER,ATELIERS,VITALIST
ASP,SLIP,RANIS,INERTS,STELLA,PLANERS,ATTESTER,VITELLIN
ATE,SLIT,RANTS,INLETS,STERNA,PLANETS,ATTRITES,VITIATES
ATT,SNAP,RAPER,INLIER,STIPEL,PLANTER,AVERTERS,VITRAINS
AVE,SNIP,RAPES,INSERT,STIVER,PLASTER,AXLETREE,VITRINES
AXE,SNIT,RARES,INSTAL,STRAIN,PLATENS,EARLIEST,AIRLINERS
EAR,SPAE,RASER,INSTAR,STRAIT,PLATERS,EATERIES,ANTEVERTS
EAT,SPAN,RATEL,INSTEP,STRATI,PLATIER,ELATERIN,ANTIELITE
EEL,SPAR,RATER,INSTIL,STREEL,PLATIES,ELATIVES,ANTISLEEP
ELL,SPAT,RATES,INTERS,STREET,PLATTER,ELEVATES,ANXIETIES
ELS,SPIN,RAVEL,INVARS,STRIAE,PLEASER,ENERVATE,APERIENTS
ENS,SPIT,RAVEN,INVERT,STRIPE,PLEATER,ENLISTEE,ARRESTIVE
ERA,SPIV,RAVER,INVEST,STRIPT,PLENIST,ENLISTER,ARRIVISTE
ERE,STAR,RAVES,INVITE,STRIVE,PRAIRIE,ENSLAVER,ARTERITIS
ERN,STAT,RAVIN,IRATER,SVELTE,PRAISER,ENTAILER,ATTENTIVE
ERR,STEP,RAXES,IRREAL,TAILER,PRALINE,ENTERERS,ATTRITIVE
ERS,STET,REALS,ISATIN,TAILLE,PRATERS,ENTITIES,AXLETREES
ETA,STIR,REAPS,IXTLES,TAINTS,PRATTLE,ENTITLES,EASTERNER
EVE,TAEL,REARS,LAPELS,TALENT,PREAVER,ENTRAILS,ELATERINS
ILL,TAIL,REAVE,LAPINS,TALERS,PREENER,ENTREATS,ELATERITE
INS,TAIN,REELS,LAPSER,TALLER,PRELATE,EPILATES,ENERVATES
IRE,TALE,REEST,LAREES,TALLIS,PRESALE,EPISTLER,ENSTATITE
ITS,TALI,REEVE,LARINE,TALLIT,PRESELL,ESPALIER,ENTAILERS
LAP,TALL,REINS,LASTER,TANIST,PRESENT,ESTIVATE,ENTERITIS
LAR,TANS,REIVE,LATEEN,TAPERS,PRESTER,ETERNALS,EPISTERNA
LAS,TAPE,RELAX,LATENS,TAPIRS,PRETEEN,ETERNISE,EPITAXIES
LAT,TAPS,RELET,LATENT,TARRES,PRETELL,EVILLEST,EXPANSILE
LAV,TARE,RELIT,LATEST,TARTER,PRETEST,EXALTERS,EXPANSIVE
LAX,TARN,RENAL,LATTEN,TASTER,PRETEXT,EXAPTIVE,EXPELLANT
LEA,TARP,RENTE,LATTER,TATERS,PREVAIL,EXERTIVE,EXPELLEES
LEE,TARS,RENTS,LATTES,TATTER,PREVENT,EXISTENT,EXPELLENT
LEI,TART,REPEL,LATTIN,TATTIE,PREVISE,EXPELLEE,EXPELLERS
LES,TATE,REPIN,LAVEER,TATTLE,PREXIES,EXPELLER,EXPENSIVE
LET,TATS,RERAN,LAVERS,TAVERN,PRINTER,EXPIATES,EXPERTISE
LEV,TAVS,RESAT,LAXEST,TAXERS,PRISERE,EXPIRERS,EXPLAINER
LEX,TAXI,RESEE,LEANER,TAXIES,PRIVATE,EXPIRIES,EXPLETIVE
LIE,TEAL,RESET,LEAPER,TAXITE,PRIVETS,EXPLAINS,EXSERTILE
LIN,TEAR,RESIN,LEARNS,TEARER,PRIVIER,EXPLANTS,EXTENSILE
LIP,TEAS,RESIT,LEARNT,TEASEL,PRIVIES,EXTERNAL,EXTENSIVE
LIS,TEAT,RETAX,LEASER,TEASER,PSALTER,EXTERNES,EXTERNALS
LIT,TEEL,RETIA,LEAVEN,TEENER,PTERINS,EXTRANET,EXTIRPATE
NAE,TEEN,RETIE,LEAVER,TEEPEE,RAILERS,ILLATIVE,EXTRANETS
NAP,TEES,REVEL,LEAVES,TEETER,RAINIER,INERTIAE,EXTRAVERT
NEE,TELA,REVET,LENITE,TELIAL,RALLIER,INERTIAL,ILLATIVES
NET,TELE,REXES,LENTIL,TELLER,RALLIES,INERTIAS,INEXPERTS
NIL,TELL,RIALS,LEPERS,TELNET,RALLINE,INEXPERT,INSTALLER
NIP,TELS,RIANT,LEPTIN,TENAIL,RANTERS,INSERTER,INSTILLER
NIT,TENS,RIELS,LETTER,TENETS,RAPIERS,INSETTER,INTERLAPS
NIX,TENT,RILES,LEVANT,TENIAE,RAPINES,INSPIRER,INTERPRET
PAL,TEPA,RILLE,LEVEES,TENIAS,RASPIER,INTEREST,INTERTIES
PAN,TERN,RILLS,LEVELS,TENSER,RATINES,INTERLAP,INTERTILL
PAR,TEST,RINSE,LEVERS,TENTER,RATITES,INTERREX,INTERVALE
PAS,TETS,RIPEN,LEVIER,TENTIE,RATLINE,INTERSEX,INTERVALS
PAT,TEXT,RIPER,LEVIES,TEPALS,RATLINS,INTERTIE,INTESTATE
PAX,TIER,RIPES,LEVINS,TEPEES,RATTEEN,INTERVAL,INVERTASE
PEA,TIES,RISEN,LIAISE,TERAIS,RATTENS,INTITLES,INVERTERS
PEE,TILE,RISER,LIANES,TERETE,RATTERS,INTREATS,IRRITANTS
PEN,TILL,RITES,LIENAL,TERNES,RATTIER,INVERTER,IRRITATES
PER,TILS,RIVAL,LIERNE,TERRAE,RATTLER,INVITEES,ITERATIVE
PES,TILT,RIVEN,LIEVER,TERRAS,RATTLES,INVITERS,ITINERATE
PET,TINE,RIVER,LILIES,TERRET,RAVELER,IRRITANT,LAETRILES
PIA,TINS,RIVES,LINEAL,TERRIT,RAVELIN,IRRITATE,LATEENERS
PIE,TINT,RIVET,LINEAR,TERSER,RAVENER,ITERATES,LATERITES
PIN,TIPI,SAINT,LINERS,TESTAE,RAVINES,LAETRILE,LENITIVES
PIS,TIPS,SALEP,LINIER,TESTEE,REALEST,LATEENER,LETTERERS
PIT,TIRE,SALVE,LINTEL,TESTER,REALISE,LATERITE,LEVANTERS
PIX,TIRL,SANER,LINTER,TETRAS,REALIST,LATRINES,LEVIRATES
PSI,TITI,SAREE,LIPASE,TETRIS,REALTER,LAXITIES,LEVITATES
PST,TITS,SARIN,LIPINS,TETTER,REAPERS,LEALTIES,LINEARISE
RAI,TRAP,SATIN,LISPER,TIEPIN,REAVERS,LEARIEST,LITERATES
RAN,TREE,SAVER,LISTEE,TILERS,REEARNS,LEARNERS,LITTERERS
RAP,TRES,SAVIN,LISTEL,TILLER,REELERS,LEAVIEST,LIVELIEST
RAS,TRET,SEINE,LISTEN,TILTER,REENTER,LEERIEST,LIVETRAPS
RAT,TRIP,SELLE,LISTER,TINEAL,REEXPEL,LENITIES,NAIVETIES
RAX,TSAR,SELVA,LITERS,TINEAS,REINTER,LENITIVE,NEARLIEST
REE,VAIL,SENTE,LITRES,TINIER,REIVERS,LETTERER,NETTLIEST
REI,VAIN,SENTI,LITTEN,TINSEL,RELAPSE,LEVANTER,PAILLETTE
REP,VAIR,SEPAL,LITTER,TINTER,RELATER,LEVELERS,PAINTIEST
RES,VALE,SEPIA,LITTLE,TISANE,RELATES,LEVERETS,PALLETISE
RET,VANE,SEPTA,LIVENS,TITANS,RELAXER,LEVIRATE,PALLETTES
REV,VANS,SERAI,LIVERS,TITERS,RELAXES,LEVITATE,PALTERERS
REX,VARS,SERAL,LIVEST,TITIAN,RELAXIN,LEVITIES,PALTRIEST
RIA,VASE,SERER,LIVIER,TITLES,RELEARN,LINTIEST,PARTITIVE
RIN,VAST,SERIN,LIVRES,TITRES,RELEASE,LISTENER,PATENTEES
RIP,VATS,SERVE,NAILER,TITTER,RELENTS,LISTERIA,PATIENTER
SAE,VEAL,SETAE,NAIVER,TITTIE,RELEVES,LITANIES,PATTERERS
SAL,VEEP,SETAL,NAIVES,TITTLE,RELIANT,LITERALS,PEARLIEST
SAP,VEER,SEVEN,NATIVE,TRAILS,RELIERS,LITERATE,PEARLITES
SAT,VEES,SEVER,NATTER,TRAINS,RELIEVE,LITERATI,PELERINES
SAX,VEIL,SIEVE,NAVELS,TRAITS,RELINES,LITTERER,PELLETISE
SEA,VEIN,SILEX,NAVIES,TRAPES,RELIVES,LITTLEST,PENALTIES
SEE,VELA,SILVA,NEARER,TRAVEL,RENAILS,LIVELIER,PENETRATE
SEI,VENA,SIREE,NEATER,TRAVES,RENTALS,LIVENERS,PERSEVERE
SEL,VENT,SIREN,NELLIE,TREATS,RENTERS,LIVERIES,PESTILENT
SEN,VERA,SIRRA,NEPETA,TREENS,RENTIER,LIVETRAP,PINSETTER
SER,VERT,SITAR,NEREIS,TREPAN,REPAINT,NAIVETES,PISTAREEN
SET,VEST,SIVER,NERVES,TREVET,REPAIRS,NAPERIES,PLAINTEXT
SEX,VETS,SIXTE,NESTER,TRIALS,REPANEL,NATIVIST,PLAINTIVE
SIN,VEXT,SLAIN,NESTLE,TRIENE,REPAVES,NATTIEST,PLANTLETS
SIP,VIAL,SLANT,NETTER,TRIENS,REPEALS,NAVETTES,PLASTERER
SIR,VIER,SLATE,NETTLE,TRIERS,REPEATS,NEARLIER,PLATELETS
SIT,VIES,SLAVE,NIELLI,TRILLS,REPENTS,NERVIEST,PLENARIES
SIX,VILE,SLEEP,NIEVES,TRINAL,REPINER,NETTIEST,PRATTLERS
SPA,VILL,SLEET,NITERS,TRINES,REPINES,NETTLERS,PREALTERS
SRI,VINA,SLEPT,NITRES,TRIPES,REPLANS,NETTLIER,PREINSERT
TAE,VINE,SLIER,NITRIL,TRIPLE,REPLANT,NIELLIST,PREINVITE
TAN,VIRL,SLIPE,NIXIES,TRISTE,REPLATE,NITERIES,PRESENTEE
TAP,VISA,SLIPT,PAINTS,TRITER,REPLETE,NITRATES,PRESENTER
TAR,VISE,SNAIL,PALEST,TRIVET,REPLIER,NITRILES,PRESETTLE
TAS,VITA,SNARE,PALETS,TRIVIA,REPLIES,NITRITES,PRESTERNA
TAT,AERIE,SNARL,PALIER,VAINER,REPRINT,NITTIEST,PRETERITE
TAV,AIRER,SNEAP,PALLET,VALETS,REPRISE,PAINTERS,PRETERITS
TAX,AIRNS,SNEER,PALTER,VALINE,REPTANT,PAINTIER,PRETRAINS
TEA,AIRTS,SNELL,PANELS,VALISE,REPTILE,PALETTES,PRETRAVEL
TEE,AISLE,SNIPE,PANIER,VARIER,RERAISE,PALLETTE,PRETREATS
TEL,AIVER,SPAIL,PANTIE,VARIES,RERENTS,PALLIEST,PRETRIALS
TEN,ALERT,SPAIT,PARENT,VARLET,RERISEN,PALTERER,PRETTIEST
TET,ALIEN,SPALE,PARERS,VASTER,RESERVE,PALTRIER,PREVAILER
TIE,ALINE,SPALL,PAREVE,VEALER,RESILIN,PANELIST,PREVALENT
TIL,ALIST,SPARE,PARIES,VEENAS,RESLATE,PANTILES,PREVENTER
TIN,ALIVE,SPATE,PARLES,VEEPEE,RESPELL,PANTRIES,PRIVATEER
TIP,ALLEE,SPEAN,PARREL,VEILER,RESPELT,PARIETES,PRIVATEST
TIS,ALTER,SPEAR,PARSER,VEINAL,RESPIRE,PARITIES,PRIVATISE
TIT,ANELE,SPEEL,PARVIS,VEINER,RESPITE,PARTIERS,PRIVATIST
VAN,ANILE,SPEER,PASTEL,VELARS,RESPLIT,PARTLETS,RATTENERS
VAR,ANILS,SPEIL,PASTER,VELATE,RESTART,PARTNERS,RAVELLERS
VAS,ANISE,SPEIR,PASTIE,VENEER,RESTATE,PASTILLE,REALITIES
VAT,ANTES,SPELL,PASTIL,VENIAL,RESTIVE,PATENTEE,REELEVATE
VEE,ANTIS,SPELT,PATENS,VENIRE,RETAILS,PATIENTS,REENSLAVE
VET,ANTRE,SPENT,PATENT,VENTER,RETAINS,PATTERER,REENTRIES
VEX,ANVIL,SPIEL,PATERS,VERIER,RETAPES,PATTERNS,REEXPLAIN
VIA,APERS,SPIER,PATINE,VERIST,RETASTE,PEARLERS,REINSPIRE
VIE,APRES,SPILE,PATINS,VERITE,RETAXES,PEARLIER,REINSTALL
VIS,APTER,SPILL,PATTEE,VERNAL,RETEARS,PEARLITE,REINSTATE
XIS,ARENE,SPILT,PATTEN,VERNIX,RETELLS,PEARTEST,REINVITES
AILS,ARETE,SPINE,PATTER,VERSAL,RETENES,PEATIEST,REITERATE
AINS,ARIEL,SPIRE,PATTIE,VERSER,RETILES,PELERINE,RELATIVES
AIRN,ARILS,SPIRT,PAVERS,VERSET,RETINAE,PELTRIES,RELETTERS
AIRS,ARISE,SPITE,PAVINS,VERSTE,RETINAL,PENALISE,RELIEVERS
AIRT,ARLES,SPLAT,PAVISE,VERTEX,RETINAS,PENLITES,REPARTEES
AITS,ARPEN,SPLIT,PEARLS,VESPER,RETINES,PERILLAS,REPATTERN
ALEE,ARRIS,SPRAT,PEASEN,VESTAL,RETINTS,PERINEAL,REPEALERS
ALES,ARTEL,SPREE,PEELER,VESTEE,RETIREE,PERLITES,REPEATERS
ALIT,ASPEN,SPRIT,PEERIE,VETTER,RETIRES,PERTAINS,REPELLANT
ALLS,ASPER,STAIN,PEEVES,VEXERS,RETITLE,PERVERSE,REPELLENT
ALPS,ASTER,STAIR,PELITE,VEXILS,RETRAIN,PERVERTS,REPELLERS
ALTS,ASTIR,STALE,PELLET,VILEST,RETREAT,PESTERER,REPENTERS
ANES,ATILT,STALL,PELTER,VILLAE,RETRIAL,PETALINE,REPLASTER
ANIL,ATRIP,STANE,PELVES,VILLAS,RETRIES,PETRALES,REPLEVIES
ANIS,AVENS,STARE,PELVIS,VINALS,RETSINA,PETTIEST,REPLEVINS
ANTE,AVERS,START,PENIAL,VINEAL,REVEALS,PILASTER,REPRESENT
ANTI,AVERT,STATE,PENILE,VINIER,REVELER,PILSENER,REPRIEVAL
ANTS,AXELS,STAVE,PENSEE,VIPERS,REVERES,PINASTER,REPRIEVES
APER,AXILE,STEAL,PENSIL,VIRILE,REVERIE,PINERIES,REPTILIAN
APES,AXILS,STEEL,PEREIA,VITALS,REVERSE,PINTAILS,RERELEASE
APEX,AXITE,STEEP,PERILS,VITTAE,REVERTS,PLAINEST,REREPEATS
APSE,AXLES,STEER,PERITI,VITTLE,REVILER,PLAISTER,RESENTIVE
ARES,EARLS,STEIN,PERTER,VIXENS,REVILES,PLAITERS,RESERPINE
ARIL,EARNS,STELA,PESETA,XENIAL,REVISAL,PLANTERS,RESILIENT
ARSE,EASEL,STELE,PESTER,XENIAS,REVISER,PLANTLET,RESTRAINT
ARTS,EATEN,STENT,PESTLE,AERIEST,REVISIT,PLATELET,RESTRIVEN
ATES,EATER,STERE,PETALS,AINSELL,REXINES,PLATIEST,RETAILERS
AVER,EAVES,STERN,PETERS,AIRIEST,RIEVERS,PLATTERS,RETAINERS
AVES,EERIE,STILE,PETITE,AIRLINE,RILLETS,PLEATERS,RETALLIES
AXEL,ELAIN,STILL,PETREL,ALERTER,RIPENER,PLENTIES,RETENTIVE
AXES,ELANS,STILT,PETSAI,ALEVINS,RITTERS,PRAIRIES,RETINITES
AXIL,ELATE,STINT,PETTER,ALEXINE,RIVETER,PRALINES,RETIRANTS
AXIS,ELINT,STIPE,PETTLE,ALEXINS,RIVIERA,PRATTLER,RETRAINEE
AXLE,ELITE,STIRP,PIETAS,ALIENEE,RIVIERE,PRATTLES,RETRIEVAL
EARL,ELVER,STRAP,PILLAR,ALIENER,SALIENT,PREALTER,RETRIEVES
EARN,ELVES,STREP,PINEAL,ALINERS,SALLIER,PREAVERS,REVEALERS
EARS,ENATE,STRIA,PINETA,ALPINES,SALPINX,PREENERS,REVEILLES
EASE,ENTER,STRIP,PINIER,ALTERER,SALTERN,PREEXIST,REVELLERS
EAST,ENTIA,TAELS,PINITE,ANESTRI,SALTIER,PRELATES,REVELRIES
EATS,EPEES,TAILS,PINTAS,ANTISEX,SALTINE,PRELIVES,REVERTANT
EAVE,ERASE,TAINS,PINTLE,ANTLERS,SALTIRE,PRERENAL,RILLETTES
EELS,ERNES,TAINT,PIRATE,ANTSIER,SAPIENT,PRERINSE,RIVALRIES
ELAN,ERVIL,TALER,PISTIL,APERIES,SATINET,PRESERVE,SAINTLIER
ELLS,ESTER,TALES,PITIER,APLITES,SEEPIER,PRETASTE,SALTPETER
ELSE,ETAPE,TALLS,PITIES,ARENITE,SENARII,PRETEENS,SALTPETRE
EPEE,ETNAS,TAPER,PITTAS,ARIETTE,SEPTATE,PRETELLS,SATELLITE
ERAS,EVENS,TAPES,PIXELS,ARPENTS,SERENER,PRETENSE,SATINETTE
ERNE,EVENT,TAPIR,PIXIES,ARRIVES,SERIATE,PRETERIT,SERVIETTE
ERNS,EVERT,TAPIS,PLAINS,ARTIEST,SERPENT,PRETEXTS,SLEEVELET
ERRS,EVILS,TARES,PLAINT,ARTISTE,SERRATE,PRETRAIN,SNIVELLER
ERST,EVITE,TARNS,PLAITS,ARTSIER,SERVANT,PRETREAT,SPARTEINE
ESNE,EXALT,TARPS,PLANER,ASPIRER,SERVILE,PRETRIAL,SPLEENIER
ETAS,EXERT,TARRE,PLANES,ASPIRIN,SETLINE,PRETTIER,STATELIER
ETNA,EXILE,TARSI,PLANET,ATELIER,SETTLER,PRETTIES,STERILANT
EVEN,EXINE,TARTS,PLANTS,ATTIRES,SEVERAL,PREVAILS,STIPITATE
EVER,EXIST,TASTE,PLATEN,ATTRITE,SEVERER,PREVENTS,TANTIVIES
EVES,EXITS,TATER,PLATER,ATTRITS,SEXTAIN,PREVISIT,TAPELINES
EVIL,EXPAT,TATES,PLATES,AVERTER,SEXTANT,PRINTERS,TAVERNERS
EXES,EXPEL,TAXER,PLEASE,EARLIER,SEXTILE,PRISTANE,TEARSTRIP
EXIT,EXTRA,TAXES,PLEATS,EARNERS,SIENITE,PRISTINE,TEASELLER
ILEA,ILEAL,TAXIS,PLEXAL,EARNEST,SIERRAN,PRIVATER,TEENTSIER
ILEX,ILIAL,TEALS,PLEXES,EASTERN,SIEVERT,PRIVATES,TELETEXTS
ILIA,ILLER,TEARS,PLIANT,EELIEST,SILLIER,PRIVIEST,TENAILLES
ILLS,INAPT,TEASE,PLIERS,EERIEST,SILTIER,RAINIEST,TENTATIVE
INIA,INEPT,TEATS,PRAISE,ELAPINE,SILVERN,RALLIERS,TERNARIES
INTI,INERT,TEELS,PRATER,ELASTIN,SIXTEEN,RARITIES,TERRAPINS
IRES,INLET,TEENS,PRATES,ELATERS,SLAINTE,RATLINES,TERRELLAS
IRIS,INSET,TELAE,PRAXES,ELATIVE,SLATIER,RATTEENS,TERVALENT
ISLE,INTER,TELES,PRAXIS,ELEVATE,SLEEPER,RATTENER,TESTATRIX
IXIA,INTIS,TELEX,PREENS,ELEVENS,SLITTER,RATTIEST,TINPLATES
LAIN,INVAR,TELIA,PRESET,ELITIST,SNARLER,RATTLERS,TIRRIVEES
LAIR,IRATE,TELLS,PRETAX,ELIXIRS,SNEERER,RAVELERS,TITANITES
LANE,ISLET,TENET,PREXES,ELLIPSE,SNELLER,RAVELINS,TITILLATE
LAPS,ISTLE,TENIA,PRIERS,ENSLAVE,SPALLER,RAVELLER,TITIVATES
LARI,IVIES,TENSE,PRIEST,ENTAILS,SPANIEL,RAVENERS,TITTERERS
LARS,IXIAS,TENTS,PRILLS,ENTERAL,SPATTER,REALISER,TITTIVATE
LASE,IXTLE,TEPAL,PRINTS,ENTERER,SPAVIET,REALTERS,TRANSPIRE
LAST,LAIRS,TEPAS,PRIVET,ENTIRES,SPEARER,REALTIES,TRAPLINES
LATE,LANES,TEPEE,PTERIN,ENTITLE,SPELEAN,REENLIST,TRAVELERS
LATI,LAPEL,TERAI,PTISAN,ENTRAPS,SPELLER,REENTERS,TRAVELLER
LATS,LAPIN,TERNE,RAILER,ENTREAT,SPELTER,REEXPELS,TREENAILS
LAVE,LAPIS,TERNS,RAISER,ENTREES,SPIELER,REINSERT,TRILINEAR
LAVS,LAPSE,TERRA,RAISIN,ENTRIES,SPILLER,REINTERS,TRIPLANES
LEAL,LAREE,TERSE,RANEES,ENVIERS,SPINATE,REINVEST,TRIPLEXES
LEAN,LARES,TESLA,RANTER,EPEEIST,SPINIER,REINVITE,TRIPLITES
LEAP,LARIS,TESTA,RAPERS,EPILATE,SPIRANT,RELAPSER,TRIPTANES
LEAR,LASER,TETRA,RAPIER,EPISTLE,SPIRIER,RELATERS,TRIVALENT
LEAS,LATEN,TETRI,RAPINE,EREPSIN,SPITTER,RELATIVE,VARIETIES
LEER,LATER,TEXAS,RAPINI,ERRANTS,SPITTLE,RELAXERS,VENEERERS
LEES,LATEX,TEXTS,RAPIST,ESERINE,SPLENIA,RELAXINS,VENERATES
LEET,LATTE,TIERS,RAREST,ESTIVAL,SPLENII,RELEARNS,VENTILATE
LEIS,LAVER,TILER,RASPER,ESTREAT,STAINER,RELEARNT,VERATRINE
LENS,LAVES,TILES,RASTER,ETATIST,STAPLER,RELEASER,VERATRINS
LENT,LAXER,TILLS,RATELS,ETERNAL,STARLET,RELETTER,VERITATES
LEPT,LAXES,TILTS,RATERS,ETESIAN,STARLIT,RELEVANT,VERSATILE
LEST,LEANS,TINEA,RATINE,EVENERS,STARTER,RELIEVER,VEXILLATE
LETS,LEANT,TINES,RATITE,EVENEST,STARTLE,RELIEVES,VITELLINE
LEVA,LEAPS,TINTS,RATLIN,EVILEST,STARVER,RENTIERS,VITELLINS
LIAR,LEAPT,TIPIS,RATTEN,EVILLER,STATIVE,REPAINTS,ALTERITIES
LIEN,LEARN,TIRES,RATTER,EXALTER,STEALER,REPANELS,ANTIELITES
LIER,LEARS,TIRLS,RATTLE,EXILERS,STEARIN,REPARTEE,ANTILITTER
LIES,LEASE,TITAN,RAVELS,EXILIAN,STEELIE,REPEALER,ELATERITES
LILT,LEAST,TITER,RAVENS,EXPANSE,STEEPEN,REPEATER,ENTERPRISE
LINE,LEAVE,TITIS,RAVERS,EXPENSE,STEEPER,REPELLER,ENTIRETIES
LINS,LEERS,TITLE,RAVINE,EXPERTS,STEEPLE,REPENTER,ENTREATIES
LINT,LEETS,TITRE,RAVINS,EXPIATE,STEERER,REPINERS,ETERNITIES
LIPA,LENES,TRAIL,REALER,EXPIRER,STELENE,REPLANTS,EXENTERATE
LIPE,LENIS,TRAIN,REALES,EXPIRES,STELLAR,REPLATES,EXPELLANTS
LIPS,LENSE,TRAIT,REAPER,EXPLAIN,STERILE,REPLETES,EXPELLENTS
LIRA,LEPER,TRANS,REAVER,EXPLANT,STERLET,REPLEVIN,EXPLAINERS
LIRE,LEPTA,TRAPS,REAVES,EXTENTS,STERNAL,REPLIERS,EXPLETIVES
LIRI,LEVEE,TRAPT,REEARN,EXTERNE,STERNER,REPRIEVE,EXTIRPATES
LISP,LEVEL,TRAVE,REELER,EXTERNS,STILLER,REPRINTS,EXTRAVERTS
LIST,LEVER,TREAT,REEVES,ILLITES,STINTER,REPRISAL,ILLITERATE
LITE,LEVIN,TREEN,REIVER,INERTIA,STRETTA,REPTILES,INTERLEAVE
LITS,LEVIS,TREES,REIVES,INLIERS,STRETTE,REPTILIA,INTERPRETS
LIVE,LEXES,TRETS,RELATE,INSPIRE,STRETTI,REREPEAT,INTERSTATE
NAIL,LEXIS,TRIAL,RELENT,INSTALL,STRIATE,RESELLER,INTERTILLS
NAPE,LIANE,TRIER,RELETS,INSTATE,STRIPER,RESETTER,INTERTRIAL
NAPS,LIARS,TRIES,RELEVE,INSTILL,STRIVEN,RESETTLE,INTERVALES
NAVE,LIENS,TRILL,RELIER,INTITLE,STRIVER,RESILVER,INVETERATE
NEAP,LIERS,TRINE,RELIES,INTREAT,SVELTER,RESINATE,IRRELATIVE
NEAR,LIEVE,TRIPE,RELINE,INVERSE,TAILERS,RESTRAIN,IRRELEVANT
NEAT,LILTS,TRIPS,RELIST,INVERTS,TAILLES,RESTRIVE,ITINERATES
NEEP,LINER,TRITE,RELIVE,INVITAL,TALENTS,RETAILER,LIENTERIES
NEST,LINES,VAILS,RENAIL,INVITEE,TALIPES,RETAINER,LITERALIST
NETS,LINTS,VAIRS,RENEST,INVITER,TALLEST,RETINALS,PAILLETTES
NETT,LIPIN,VALES,RENTAL,INVITES,TALLIER,RETINITE,PARTITIVES
NEVE,LIRAS,VALET,RENTER,IRATEST,TALLIES,RETIRANT,PATIENTEST
NEVI,LISLE,VALSE,RENTES,ISATINE,TALLITS,RETIREES,PENALITIES
NEXT,LITAI,VANES,REPAIR,ITERANT,TAPERER,RETITLES,PENETRATES
NILL,LITAS,VARIX,REPAST,ITERATE,TAPSTER,RETRAINS,PISTILLATE
NILS,LITER,VEALS,REPAVE,LAITIES,TARRIES,RETREATS,PLAINTEXTS
NIPA,LITRE,VEENA,REPEAL,LATEENS,TARSIER,RETRIALS,PREINVITES
NIPS,LIVEN,VEEPS,REPEAT,LATENTS,TARTEST,RETRIEVE,PRERELEASE
NISI,LIVER,VEERS,REPELS,LATEXES,TARTIER,REVEALER,PRETERITES
NITE,LIVES,VEILS,REPENT,LATRINE,TARTLET,REVEILLE,PREVAILERS
NITS,LIVRE,VEINS,REPINE,LATTENS,TASTIER,REVELERS,PREVALENTS
NIXE,NAEVI,VELAR,REPINS,LATTINS,TATTERS,REVELLER,PREVENTERS
PAIL,NAILS,VENAE,REPLAN,LAVEERS,TATTIER,REVERENT,PRIESTLIER
PAIN,NAIVE,VENAL,RERENT,LEANERS,TATTIES,REVERIES,PRINTERIES
PAIR,NAPES,VENTS,RERISE,LEANEST,TATTLER,REVERSAL,PRIVATEERS
PALE,NARES,VERSE,RESAIL,LEAPERS,TATTLES,REVILERS,RAILLERIES
PALL,NARIS,VERST,RESALE,LEARIER,TAVERNS,RIPENERS,REELEVATES
PALS,NATES,VERTS,RESEAL,LEARNER,TAXITES,RIVERINE,REEXPLAINS
PANE,NAVEL,VESTA,RESEAT,LEAVENS,TEARERS,RIVETERS,REITERATES
PANS,NAVES,VEXER,RESEEN,LEAVERS,TEARIER,RIVIERAS,RELATIVIST
PANT,NEAPS,VEXES,RESELL,LEAVIER,TEENERS,RIVIERES,REPATTERNS
PARE,NEARS,VEXIL,RESENT,LEERIER,TEENIER,SELENATE,REPELLANTS
PARR,NEATS,VIALS,RESILE,LEISTER,TEEPEES,SELENITE,REPELLENTS
PARS,NEEPS,VIERS,RESITE,LENITES,TEETERS,SEPALINE,REPETITIVE
PART,NEIST,VILER,RESTER,LENTILS,TELERAN,SEPTETTE,REPRIEVALS
PASE,NERTS,VILLA,RETAIL,LEPTINS,TELEXES,SERENATE,REPTILIANS
PAST,NERVE,VILLI,RETAIN,LETTERS,TELLERS,SEXTARII,RETRAINEES
PATE,NETTS,VILLS,RETAPE,LEVANTS,TELLIES,SEXTETTE,RETRIEVALS
PATS,NEVER,VINAL,RETEAR,LEVELER,TELNETS,SILENTER,REVERTANTS
PAVE,NEVES,VINAS,RETELL,LEVERET,TENAILS,SILVERER,REVITALISE
PEAL,NIEVE,VINES,RETENE,LEVIERS,TENSILE,SIRVENTE,SEPTENARII
PEAN,NILLS,VIPER,RETEST,LIERNES,TENSIVE,SLATTERN,TENTATIVES
PEAR,NIPAS,VIRAL,RETIAL,LIEVEST,TENTERS,SLAVERER,TERNEPLATE
PEAS,NISEI,VIRES,RETIES,LINEATE,TENTIER,SLEEPIER,TERREPLEIN
PEAT,NITER,VIRLS,RETILE,LINIEST,TERNATE,SLEETIER,TERTIARIES
PEEL,NITES,VISIT,RETINA,LINTELS,TERPENE,SLITTIER,TITILLATES
PEEN,NITRE,VISTA,RETINE,LINTERS,TERRAIN,SLIVERER,TITTIVATES
PEER,NIVAL,VITAE,RETINT,LINTIER,TERRANE,SNARLIER,TRAILERIST
PEES,NIXES,VITAL,RETIRE,LISENTE,TERREEN,SNEERIER,TRAILERITE
PEIN,NIXIE,VITTA,RETRAL,LITERAL,TERRENE,SNIVELER,TRANSITIVE
PELE,PAILS,VIXEN,REVEAL,LITTERS,TERRETS,SPINELLE,TRAVELLERS
PELT,PAINS,XENIA,REVELS,LITTLER,TERRIES,SPIRILLA,TRAVERTINE
PENS,PAINT,AERIER,REVERE,LITTLES,TERRINE,SPLATTER,TREVALLIES
PENT,PAIRS,AERIES,REVERS,LIVENER,TERRITS,SPLENIAL,TRILITERAL
PERE,PAISE,AIRERS,REVERT,LIVIERS,TERTIAL,SPLINTER,TRIPARTITE
PERI,PALER,AIREST,REVEST,NAILERS,TERTIAN,SPLITTER,TRIPLETAIL
PERT,PALES,AIRIER,REVETS,NAILSET,TESTATE,SPRATTLE,TRISTEARIN
PERV,PALET,AIVERS,REVILE,NAIVEST,TESTIER,SPRINTER,VARLETRIES
PEST,PALLS,ALERTS,REVISE,NAIVETE,TETTERS,STARTLER,VELLEITIES
PETS,PANEL,ALEVIN,REXINE,NASTIER,TEXTILE,STEARINE,VENALITIES
PIAL,PANES,ALEXIN,RIEVER,NATIVES,TIEPINS,STEATITE,VENTILATES
PIAN,PANTS,ALIENS,RILLES,NATTERS,TILLERS,STEELIER,VERATRINES
PIAS,PARER,ALINER,RILLET,NATTIER,TILLITE,STELLATE,VESPERTINE
PIER,PARES,ALINES,RINSER,NAVETTE,TILTERS,STELLITE,VITELLINES
PIES,PARIS,ALLEES,RIPENS,NEAREST,TINIEST,STERNITE,ARTILLERIES
PILE,PARLE,ALLIES,RIPEST,NEATEST,TINTERS,STILLIER,ARTILLERIST
PILI,PARRS,ALPINE,RISTRA,NELLIES,TIPSIER,STRAINER,EXENTERATES
PILL,PARSE,ALTERS,RITTER,NEPETAS,TIPSTER,STRAITEN,EXISTENTIAL
PINA,PARTS,ALVINE,RIVALS,NERVATE,TITIANS,STRAITER,EXTERNALISE
PINE,PARVE,ANELES,RIVERS,NERVIER,TITLIST,STRIPIER,EXTRALITIES
PINS,PASTE,ANTLER,RIVETS,NESTLER,TITRANT,TAILSPIN,ILLITERATES
PINT,PATEN,ANTRES,SAILER,NETTERS,TITRATE,TALLIERS,INTERLEAVES
PIRN,PATER,ANVILS,SALINE,NETTIER,TITTERS,TAPELINE,INTERRELATE
PITA,PATES,APEXES,SALLET,NETTLER,TITTIES,TAPERERS,PATERNITIES
PITS,PATIN,APLITE,SALTER,NETTLES,TITTLES,TARRIEST,PENETRATIVE
PLAN,PAVER,APTEST,SALTIE,NITERIE,TRAILER,TARTIEST,PERSEVERATE
PLAT,PAVES,ARENES,SALVER,NITRATE,TRAINEE,TARTLETS,PREEXISTENT
PLEA,PAVIN,ARETES,SANTIR,NITRILE,TRAINER,TATTIEST,PRELITERATE
PLEX,PAVIS,ARIELS,SATEEN,NITRILS,TRAIPSE,TATTLERS,REITERATIVE
PLIE,PAXES,ARISEN,SATIRE,NITRITE,TRANSIT,TAVERNER,REVERENTIAL
PRAT,PEALS,ARPENS,SAVINE,NITTIER,TRAVELS,TEARIEST,TELEPRINTER
PREE,PEANS,ARPENT,SEALER,PAINTER,TREATER,TEASELER,TERNEPLATES
PREX,PEARL,ARREST,SEARER,PALETTE,TRELLIS,TEENIEST,TERREPLEINS
RAIL,PEARS,ARRIVE,SEATER,PALIEST,TRENAIL,TEENSIER,TRAILERITES
RAIN,PEART,ARSINE,SEINER,PALLETS,TREPANS,TELERANS,TRAVERTINES
RAIS,PEASE,ARTELS,SEITAN,PALLIER,TRESTLE,TELETEXT,TRILITERALS
RALE,PEATS,ARTIER,SELLER,PALTERS,TREVETS,TELEVISE,TRIPLETAILS
RANI,PEELS,ARTIST,SENATE,PANIERS,TRIENES,TENAILLE,VEXILLARIES
RANT,PEENS,ASLEEP,SENILE,PANTIES,TRILLER,TENTIEST,EXPERIENTIAL
RAPE,PEERS,ASPIRE,SENITI,PANTILE,TRIPART,TERPENES,INTERPELLATE
RAPS,PEEVE,ASTERN,SEPTAL,PARENTS,TRIPLES,TERRAINS,INTERPRETIVE
RAPT,PEINS,ATTENT,SEPTET,PARRELS,TRIPLET,TERRANES,INTERRELATES
RARE,PEISE,ATTEST,SERAIL,PARRIES,TRIPLEX,TERRAPIN,INTERSTELLAR
RASE,PELES,ATTIRE,SERAPE,PARTIER,TRIPTAN,TERREENS,INTERSTERILE
RASP,PELTS,ATTRIT,SEREIN,PARTIES,TRITEST,TERRELLA,PESTILENTIAL
RATE,PENAL,AVERSE,SERENE,PARTITE,TRIVETS,TERRENES,PRELITERATES
RATS,PENES,AVERTS,SERIAL,PARTLET,TRIVIAL,TERRINES,PRESENTATIVE
RAVE,PENIS,AXITES,SERINE,PARTNER,VAINEST,TERTIALS,REPRISTINATE
REAL,PEREA,EARNER,SERVAL,PARVISE,VALINES,TERTIANS,TELEPRINTERS
REAP,PERES,EASIER,SERVER,PASTERN,VARIERS,TETANIES,VESPERTILIAN
REAR,PERIL,EASTER,SETTEE,PASTIER,VARLETS,TETANISE,VETERINARIES
REEL,PERIS,EATERS,SETTER,PATENTS,VASTIER,TEXTILES,EXTERNALITIES
REES,PERSE,EELIER,SETTLE,PATIENT,VEALERS,TILLITES,INTERPELLATES
REIN,PERVS,EERIER,SEVERE,PATINES,VEALIER,TINPLATE,INTERPRETATIVE
REIS,PETAL,ELAINS,SEXIER,PATTENS,VEEPEES,TIRRIVEE,REPRESENTATIVE
RENT,PETER,ELAPSE,SEXTAN,PATTERN,VEERIES,TITANITE, 
REPS,PETIT,ELATER,SEXTET,PATTERS,VEILERS,TITIVATE, 
REST,PETTI,ELATES,SIERRA,PATTIES,VEINERS,TITRANTS, 
RETE,PIANS,ELEVEN,SILANE,PAVISER,VEINIER,TITRATES
